epoch,step,train_data_loss,train_loss,train_pde_loss
0,9,0.41317757964134216,1833867283529728.0,1.833867283529728e+16
0,19,0.43937331438064575,1853990144835584.0,1.853990064304947e+16
