epoch,step,train_loss,val_loss
17,6399,14.75865364074707,
17,6449,14.967622756958008,
17,6499,14.95686149597168,
17,6549,14.768816947937012,
17,6599,15.181147575378418,
17,6649,15.334786415100098,
17,6699,15.610679626464844,
17,6749,15.466836929321289,
17,6749,,15.055131912231445
