epoch,step,train_loss,val_loss
23,8649,15.234148979187012,
23,8699,14.58789348602295,
23,8749,14.875940322875977,
23,8799,15.150506019592285,
23,8849,14.9871826171875,
23,8899,14.695504188537598,
23,8949,14.919748306274414,
23,8999,14.956826210021973,
23,8999,,15.044672966003418
