epoch,step,train_loss,val_loss
46,4649,15.546792984008789,
46,4699,14.995940208435059,
46,4699,,14.948901176452637
