epoch,step,train_loss,val_loss
18,6799,14.962797164916992,
18,6849,15.344436645507812,
18,6899,14.70140266418457,
18,6949,14.930122375488281,
18,6999,14.666223526000977,
18,7049,14.73260498046875,
18,7099,15.344858169555664,
18,7124,,15.058623313903809
