epoch,step,train_loss,val_loss
21,7899,15.636808395385742,
21,7949,14.635766983032227,
21,7999,14.852689743041992,
21,8049,14.908546447753906,
21,8099,15.44723129272461,
21,8149,15.40788459777832,
21,8199,15.036478042602539,
21,8249,14.95606517791748,
21,8249,,15.225214958190918
