epoch,step,train_loss,val_loss
19,7149,14.996334075927734,
19,7199,15.379644393920898,
19,7249,15.29548454284668,
19,7299,15.268564224243164,
19,7349,15.076713562011719,
19,7399,15.014020919799805,
19,7449,14.9240083694458,
19,7499,14.994731903076172,
19,7499,,15.024056434631348
