epoch,step,train_loss,val_loss
20,7549,15.279254913330078,
20,7599,15.16640567779541,
20,7649,15.790559768676758,
20,7699,15.807868957519531,
20,7749,14.864442825317383,
20,7799,14.81406021118164,
20,7849,15.50743579864502,
20,7874,,15.367657661437988
