epoch,step,train_loss,val_loss
22,8299,15.338359832763672,
22,8349,15.174131393432617,
22,8399,14.532492637634277,
22,8449,14.831755638122559,
22,8499,15.123429298400879,
22,8549,15.384605407714844,
22,8599,14.911920547485352,
22,8624,,14.983967781066895
