epoch,step,train_loss,val_loss
16,6049,14.628884315490723,
16,6099,15.601997375488281,
16,6149,15.191047668457031,
16,6199,15.182083129882812,
16,6249,14.885215759277344,
16,6299,14.934938430786133,
16,6349,15.03586483001709,
16,6374,,15.190679550170898
