epoch,step,train_loss,val_loss
44,16549,14.649524688720703,
44,16599,15.061372756958008,
44,16649,14.813896179199219,
44,16699,14.995821952819824,
44,16749,14.912691116333008,
44,16799,14.830717086791992,
44,16849,14.872479438781738,
44,16874,,15.060162544250488
